City_ID,City,Lat,Lng,Max Temp,Humidity,Cloudiness,Wind Speed,Country,Date
0,dudinka,69.4058,86.1778,18.86,88,100,9.57,RU,1729452882
1,beaufort west,-32.3567,22.583,52.27,74,71,15.9,ZA,1729452883
2,ushuaia,-54.8,-68.3,53.26,37,0,10.36,AR,1729452884
3,atherton,53.5237,-2.4935,58.28,64,55,8.99,GB,1729452885
4,blackmans bay,-43.0167,147.3167,52.74,93,71,4.14,AU,1729452886
5,udachny,66.4167,112.4,-12.33,100,99,2.51,RU,1729452888
6,culpeper,38.5004,-77.9664,76.71,31,0,1.01,US,1729452889
7,punta arenas,-53.15,-70.9167,55.51,47,0,20.71,CL,1729452683
8,olonkinbyen,70.9221,-8.7187,35.19,95,100,12.28,SJ,1729452891
9,luderitz,-26.6481,15.1594,56.35,78,0,19.46,NA,1729452892
10,adamstown,-25.066,-130.1015,67.32,62,77,16.06,PN,1729452894
11,port mathurin,-19.6833,63.4167,73.36,83,25,19.57,MU,1729452895
12,xilin hot,43.9667,116.0333,41.23,69,6,25.99,CN,1729452897
13,hermanus,-34.4187,19.2345,57.18,87,0,12.28,ZA,1729452898
14,waitangi,-43.9535,-176.5597,54.82,89,34,4.0,NZ,1729452899
15,grytviken,-54.2811,-36.5092,31.23,87,100,12.71,GS,1729452900
16,angaur state,6.906,134.13,84.63,81,100,24.27,PW,1729452901
17,edinburgh of the seven seas,-37.0676,-12.3116,59.49,96,100,22.93,SH,1729452902
18,thompson,55.7435,-97.8558,37.56,93,100,4.61,CA,1729452903
19,margaret river,-33.95,115.0667,55.02,53,88,16.24,AU,1729452905
20,college,64.8569,-147.8028,22.17,92,100,5.75,US,1729452906
21,usogorsk,63.4106,48.6872,44.96,95,100,4.23,RU,1729452907
22,geraldton,-28.7667,114.6,59.41,63,100,9.22,AU,1729452908
23,arraial do cabo,-22.9661,-42.0278,73.26,100,100,4.61,BR,1729452910
24,akureyri,65.6835,-18.0878,39.13,87,20,6.91,IS,1729452912
25,saacow,1.6279,42.4407,80.15,75,79,14.97,SO,1729452913
26,yellowknife,62.456,-114.3525,30.42,79,20,6.91,CA,1729452915
27,vadso,70.0744,29.7487,50.16,87,75,16.11,NO,1729452916
28,puerto natales,-51.7236,-72.4875,57.65,54,75,19.57,CL,1729452726
29,kodiak,57.79,-152.4072,44.11,57,0,10.36,US,1729452919
30,iqaluit,63.7506,-68.5145,33.53,86,100,11.5,CA,1729452920
31,pierre,44.3683,-100.351,78.28,40,0,6.91,US,1729452921
32,alaghsas,17.0187,8.0168,89.42,9,2,9.51,NE,1729452925
33,bodo,67.28,14.405,48.94,97,75,2.3,NO,1729452926
34,markovo,57.3206,107.0881,16.99,98,96,2.91,RU,1729452927
35,bredasdorp,-34.5322,20.0403,55.56,90,0,7.43,ZA,1729452930
36,kerikeri,-35.2268,173.9474,58.91,89,66,3.0,NZ,1729452931
37,tumbes,-3.5667,-80.4414,78.75,69,40,10.36,PE,1729452932
38,sedhiou,12.7081,-15.5569,82.26,78,91,2.42,SN,1729452934
39,hithadhoo,-0.6,73.0833,82.99,74,52,12.17,MV,1729452936
40,whitehorse,60.7161,-135.0538,7.57,78,0,4.61,CA,1729452676
41,chonchi,-42.6128,-73.8092,49.98,95,100,4.61,CL,1729452940
42,port-aux-francais,-49.35,70.2167,40.24,97,100,20.6,TF,1729452942
43,la'ie,21.6477,-157.9253,84.16,72,4,5.99,US,1729452943
44,bilibino,68.0546,166.4372,19.89,92,100,10.49,RU,1729452944
45,ancud,-41.8697,-73.8203,51.39,90,100,8.21,CL,1729452945
46,meizhou,24.2977,116.1072,67.8,93,18,2.91,CN,1729452946
47,new norfolk,-42.7826,147.0587,53.92,93,83,1.16,AU,1729452948
48,nuriootpa,-34.4833,139.0,53.8,71,11,7.99,AU,1729452949
49,viedma,-40.8135,-62.9967,65.53,84,100,11.52,AR,1729452918
50,tolanaro,-25.0319,46.9987,77.07,83,20,24.16,MG,1729452951
51,katabu,-4.9333,122.5167,74.35,85,100,2.04,ID,1729452952
52,chilaw,7.5758,79.7953,81.5,81,62,11.01,LK,1729452953
53,jamestown,42.097,-79.2353,67.64,34,0,10.36,US,1729452743
54,burao,9.5221,45.5336,79.9,50,71,8.19,SO,1729452956
55,kaa-khem,51.6833,94.7333,29.28,68,87,5.12,RU,1729452957
56,tutoia,-2.7619,-42.2744,81.72,73,12,16.98,BR,1729452958
57,praia da vitoria,38.7333,-27.0667,64.65,72,40,11.54,PT,1729452959
58,west island,-12.1568,96.8225,76.98,73,71,9.22,CC,1729452961
59,sitka,57.0531,-135.33,42.69,61,0,3.44,US,1729452793
60,podporozh'ye,60.9112,34.1706,40.91,76,27,6.96,RU,1729452963
61,albany,42.6001,-73.9662,71.92,40,43,1.01,US,1729452701
62,tiksi,71.6872,128.8694,16.83,94,100,9.69,RU,1729452965
63,klyuchi,52.2667,79.1667,42.28,50,100,10.13,RU,1729452966
64,sarmiento,-45.5882,-69.07,71.35,21,61,20.36,AR,1729452967
65,iskateley,67.6803,53.1512,32.85,90,11,4.88,RU,1729452970
66,talnakh,69.4865,88.3972,14.77,89,100,1.32,RU,1729452971
67,hammerfest,70.6634,23.6821,48.65,81,75,10.36,NO,1729452972
68,mont-tremblant,46.1949,-74.6264,60.58,63,100,2.3,CA,1729452900
69,ilulissat,69.2167,-51.1,28.42,64,75,16.11,GL,1729452976
70,fortuna,40.5982,-124.1573,69.93,66,0,0.0,US,1729452977
71,muynoq,43.7683,59.0214,52.72,73,32,10.18,UZ,1729452978
72,labrador city,52.9463,-66.9114,41.18,92,100,68.0,CA,1729452978
73,nouadhibou,20.931,-17.0347,76.98,61,100,14.97,MR,1729452980
74,bethel,41.3712,-73.414,75.0,33,2,1.01,US,1729452981
75,ratnagiri,16.9833,73.3,79.47,85,100,3.0,IN,1729452983
76,avarua,-21.2078,-159.775,71.65,100,100,19.57,CK,1729452984
77,ribeira grande,38.5167,-28.7,64.8,63,20,8.05,PT,1729452985
78,gornozavodsk,58.3758,58.3211,41.14,81,100,8.16,RU,1729452986
79,moroto,2.5345,34.6666,75.56,54,99,11.5,UG,1729452987
80,san carlos,9.6612,-68.5827,91.0,55,100,1.23,VE,1729452988
81,kertih,4.5141,103.4483,78.82,94,100,0.0,MY,1729452990
82,korla,41.7597,86.1469,48.63,34,5,3.8,CN,1729452991
83,bel ombre,-4.6167,55.4167,80.44,78,20,8.05,SC,1729452992
84,anadyr,64.75,177.4833,43.3,81,20,25.99,RU,1729452993
85,badger,64.8,-147.5333,20.35,93,100,5.75,US,1729452994
86,nemuro,43.3236,145.575,47.64,64,0,7.92,JP,1729452995
87,longyearbyen,78.2186,15.6401,37.24,93,75,6.91,SJ,1729452996
88,mana,5.6592,-53.7767,85.01,72,87,9.06,GF,1729452998
89,alice springs,-23.7,133.8833,63.95,27,0,0.0,AU,1729452714
90,pacocha,-17.5833,-71.3333,63.59,76,5,6.55,PE,1729453000
91,palmer,42.1584,-72.3287,74.75,27,40,8.05,US,1729453001
92,kirensk,57.7853,108.1119,14.61,99,97,2.95,RU,1729453002
93,kapit,2.0167,112.9333,73.22,99,100,0.31,MY,1729453003
94,ushirombo,-3.4919,31.9639,70.34,82,82,7.23,TZ,1729453004
95,qaqortoq,60.7167,-46.0333,33.21,62,0,23.82,GL,1729453006
96,dazhong,33.1997,120.4578,59.76,96,100,7.14,CN,1729453007
97,stanley,54.868,-1.6985,55.42,69,75,24.16,GB,1729453008
98,ulsteinvik,62.3432,5.8487,53.31,94,100,1.99,NO,1729453003
99,jalasjarvi,62.5,22.75,52.09,97,100,9.66,FI,1729453010
100,nieuw amsterdam,5.8833,-55.0833,89.62,66,20,9.22,SR,1729453011
101,saint-philippe,-21.3585,55.7679,71.65,83,21,9.53,RE,1729453012
102,sharypovo,55.5403,89.2008,38.89,66,100,14.99,RU,1729453013
103,camiri,-20.05,-63.5167,96.58,21,0,5.75,BO,1729453015
104,uturoa,-16.7333,-151.4333,79.39,82,21,17.58,PF,1729453016
105,enewetak,11.3474,162.3373,84.15,74,100,16.64,MH,1729453017
106,arteche,12.2645,125.4048,77.25,92,100,3.2,PH,1729453018
107,wailua homesteads,22.0669,-159.378,81.39,77,0,11.5,US,1729453019
108,rio grande,-32.035,-52.0986,69.44,78,6,16.75,BR,1729453020
109,taikang,46.8333,124.4167,45.27,66,100,25.97,CN,1729453021
110,nikolayevsk-on-amure,53.1406,140.73,23.45,72,99,3.94,RU,1729453023
111,san patricio,28.017,-97.5169,85.95,55,64,14.32,US,1729453024
112,vilyuchinsk,52.9306,158.4028,34.07,76,15,25.99,RU,1729453025
113,utrik,11.2278,169.8474,82.22,81,100,21.88,MH,1729453026
114,papatowai,-46.5619,169.4708,59.07,66,99,6.71,NZ,1729453030
115,kiunga,-6.1219,141.2906,72.66,99,99,2.57,PG,1729453031
116,invercargill,-46.4,168.35,58.01,84,85,5.01,NZ,1729453032
117,homer,59.6425,-151.5483,38.77,59,0,3.44,US,1729453033
118,atbasar,51.8,68.3333,47.37,48,100,5.55,KZ,1729453035
119,madukkur,10.4833,79.4,78.73,86,93,5.21,IN,1729453036
120,saint-joseph,-21.3667,55.6167,70.18,81,10,10.18,RE,1729453038
121,pergamino,-33.89,-60.5736,90.66,32,7,13.82,AR,1729452971
122,fale old settlement,-9.3852,-171.2468,82.76,73,17,9.26,TK,1729453040
123,corowa,-36.0333,146.3833,48.42,92,50,5.93,AU,1729453041
124,porto novo,6.4965,2.6036,78.1,88,35,5.7,BJ,1729453042
125,lihue,21.9789,-159.3672,81.99,74,0,11.5,US,1729452553
126,suda,59.1525,37.5582,41.54,74,26,4.97,RU,1729453044
127,el calafate,-50.3408,-72.2768,53.49,62,100,7.58,AR,1729453046
128,pryluky,50.5932,32.3876,41.65,82,8,8.14,UA,1729453047
129,urangan,-25.3,152.9,70.52,71,0,9.91,AU,1729453048
130,tharyarwady,17.65,95.8,74.53,98,100,6.26,MM,1729453049
131,plymouth,41.8334,-70.8328,74.95,51,0,10.36,US,1729453050
132,takab,36.4009,47.1133,42.62,25,20,3.04,IR,1729453052
133,saipan,15.1355,145.701,81.3,83,75,10.36,MP,1729453054
134,carnarvon,-24.8667,113.6333,68.09,73,97,19.08,AU,1729453055
135,taltal,-25.4,-70.4833,62.6,71,17,8.34,CL,1729453056
136,cabo san lucas,22.8909,-109.9124,86.76,62,20,6.91,MX,1729453056
137,port alfred,-33.5906,26.891,59.18,88,96,5.01,ZA,1729453058
138,ghanzi,-21.5667,21.7833,76.48,38,32,4.74,BW,1729453059
139,lautoka,-17.6167,177.4667,73.26,78,20,5.75,FJ,1729453060
140,mount isa,-20.7333,139.5,73.17,23,0,9.22,AU,1729453062
141,waingapu,-9.6567,120.2641,78.66,80,10,4.09,ID,1729453063
142,sola,-13.8833,167.55,77.0,67,100,13.2,VU,1729453064
143,keflavik,64.0049,-22.5624,39.63,87,75,3.44,IS,1729453066
144,berdigestyakh,62.0989,126.6992,-7.71,100,90,2.75,RU,1729453067
145,bengkulu,-3.8004,102.2655,75.2,87,94,2.06,ID,1729453068
146,puerto ayora,-0.7393,-90.3518,70.56,96,89,5.01,EC,1729453070
147,kenai,60.5544,-151.2583,32.14,79,0,3.44,US,1729453071
148,dunedin,-45.8742,170.5036,60.8,62,100,3.98,NZ,1729453072
149,winnemucca,40.973,-117.7357,57.25,33,0,3.44,US,1729453073
150,tahe,52.3333,124.7333,28.22,87,100,3.06,CN,1729453074
151,puerto baquerizo moreno,-0.9,-89.6,74.39,78,75,16.11,EC,1729453075
152,mount gambier,-37.8333,140.7667,45.66,92,79,4.9,AU,1729453076
153,port blair,11.6667,92.75,77.04,100,75,2.3,IN,1729453078
154,sinabang,2.4803,96.3801,78.42,82,71,0.29,ID,1729453079
155,codrington,-38.2667,141.9667,46.24,95,71,8.48,AU,1729453080
156,saint-pierre,-21.3393,55.4781,71.28,68,0,2.3,RE,1729453081
157,castillos,-34.1667,-53.8333,68.18,70,6,12.15,UY,1729453082
158,lebu,-37.6167,-73.65,55.9,88,88,15.9,CL,1729453083
159,egilsstadir,65.2653,-14.3948,40.91,87,75,9.22,IS,1729453084
160,fort mcmurray,56.7268,-111.381,35.19,80,100,3.44,CA,1729453086
161,hobyo,5.3505,48.5268,78.78,89,100,18.77,SO,1729453087
162,koblenz,50.35,7.6,59.81,88,100,5.01,DE,1729453088
163,le port,-20.9373,55.2919,73.36,74,12,3.65,RE,1729453089
164,tura,25.5198,90.2201,69.15,88,83,3.53,IN,1729453090
165,honolulu,21.3069,-157.8583,84.02,61,20,13.8,US,1729453046
166,kargasok,59.0556,80.8572,34.36,98,100,6.87,RU,1729453092
167,zhumysker,49.3333,49.4,49.33,82,100,6.58,KZ,1729453094
168,gamba,-2.65,10.0,76.86,84,100,7.58,GA,1729453095
169,bairnsdale,-37.8333,147.6167,47.05,96,86,2.93,AU,1729453096
170,pisco,-13.7,-76.2167,68.05,77,20,11.5,PE,1729453097
171,trinidad,-14.8333,-64.9,93.18,43,40,11.5,BO,1729452961
172,juli,-16.2167,-69.45,60.17,19,2,8.88,PE,1729453099
173,flying fish cove,-10.4217,105.6791,78.48,83,100,11.5,CX,1729453100
174,howrah,22.5892,88.3103,78.8,89,40,4.61,IN,1729453102
175,sinjai,-5.1241,120.253,73.63,68,100,4.07,ID,1729453103
176,xinpu,34.5997,119.1594,54.1,68,100,3.71,CN,1729453104
177,coquimbo,-29.9533,-71.3436,64.98,57,40,11.5,CL,1729453105
178,okha,53.5739,142.9478,32.86,58,95,19.91,RU,1729453106
179,remire-montjoly,4.9167,-52.2667,87.84,70,0,18.41,GF,1729453107
180,puerto maldonado,-12.6,-69.1833,86.4,62,75,4.61,PE,1729453109
181,ponta delgada,37.7333,-25.6667,65.19,72,20,10.36,PT,1729453110
182,acheng,45.5454,126.977,41.52,65,100,17.4,CN,1729453111
183,tual,-5.6667,132.75,82.42,78,77,12.3,ID,1729453112
184,aasiaat,68.7098,-52.8699,21.15,85,99,14.29,GL,1729453113
185,manado,1.487,124.8455,75.97,100,20,1.14,ID,1729453115
186,vorgashor,67.5833,63.95,32.88,98,100,12.66,RU,1729453116
187,nefta,33.8731,7.8777,68.25,50,4,7.49,TN,1729453117
188,aykhal,66.0,111.5,-7.51,100,100,3.53,RU,1729453118
189,fonte boa,-2.4959,-66.2662,91.22,53,81,5.35,BR,1729453119
190,hawaiian paradise park,19.5933,-154.9731,79.9,80,14,1.99,US,1729453120
191,happy valley-goose bay,53.3168,-60.3315,46.71,71,75,11.5,CA,1729453122
192,mitu,1.1983,-70.1733,87.48,63,100,1.1,CO,1729453123
193,olean,42.0776,-78.4297,66.54,32,0,5.75,US,1729452871
194,soto la marina,23.7667,-98.2167,81.95,77,100,7.43,MX,1729453125
195,as sulayyil,20.4607,45.5779,86.07,26,81,11.23,SA,1729453126
196,port hedland,-20.3167,118.5667,71.65,94,1,8.05,AU,1729453127
197,dacice,49.0815,15.4373,48.06,80,100,7.52,CZ,1729453128
198,santiago de cao,-7.9589,-79.2392,68.13,77,99,10.36,PE,1729453130
199,kruisfontein,-34.0033,24.7314,53.4,91,10,5.88,ZA,1729453131
200,preobrazheniye,42.9019,133.9064,39.51,54,100,7.29,RU,1729453132
201,mwene-ditu,-7.0,23.45,67.59,86,100,4.09,CD,1729453133
202,kuacjok,8.3002,27.9903,73.53,90,100,5.79,SS,1729453134
203,petropavlovsk-kamchatsky,53.0452,158.6483,32.59,51,75,8.95,RU,1729453135
204,vorotynsk,54.4283,36.0465,52.52,69,84,7.34,RU,1729453136
205,umluj,25.0213,37.2685,81.45,63,0,10.98,SA,1729453138
206,okeho,8.0333,3.35,73.71,90,88,3.85,NG,1729453139
207,fort-shevchenko,44.5086,50.263,50.77,67,28,9.93,KZ,1729453140
208,dolores,-36.3132,-57.6792,81.77,39,29,18.37,AR,1729453037
209,mandali,33.7499,45.5541,65.26,14,0,12.08,IQ,1729453142
210,nova vicosa,-17.8919,-39.3719,76.19,85,100,11.14,BR,1729453144
211,el fasher,13.6279,25.3494,86.38,16,2,14.52,SD,1729453146
212,nagqu,31.5,92.0,22.89,77,97,1.41,CN,1729453147
213,el granada,37.5027,-122.4694,75.42,37,0,0.0,US,1729453148
214,sicuani,-14.2694,-71.2261,72.66,17,100,10.18,PE,1729453149
215,ola,59.5833,151.2833,21.0,60,100,10.85,RU,1729453150
216,zouerate,22.7187,-12.4521,91.96,17,5,8.08,MR,1729453151
217,nakonde,-9.3421,32.745,69.49,47,87,4.0,ZM,1729453153
218,kapuskasing,49.4169,-82.4331,57.29,77,75,12.66,CA,1729453154
219,gazojak,41.1875,61.4036,59.22,59,64,12.3,TM,1729453155
220,atafu village,-8.5421,-172.5159,82.76,71,10,15.26,TK,1729453156
221,afaahiti,-17.75,-149.2833,75.6,86,100,20.22,PF,1729453157
222,namibe,-15.1961,12.1522,68.49,74,10,7.31,AO,1729453158
223,haiku-pauwela,20.9219,-156.3051,82.22,69,20,24.0,US,1729453159
224,east london,-33.0153,27.9116,59.31,80,100,14.45,ZA,1729453161
225,thunder bay,48.4001,-89.3168,66.11,59,75,8.05,CA,1729453162
226,kharan,28.5833,65.4167,76.66,13,0,3.15,PK,1729453163
227,tsiombe,-25.3,45.4833,73.47,89,4,3.85,MG,1729453164
228,arsen'yev,44.1631,133.2733,31.55,43,100,1.68,RU,1729453165
229,bondo,3.8146,23.6866,74.88,99,98,2.53,CD,1729453167
230,broken hill,-31.95,141.4333,61.36,49,1,7.58,AU,1729453169
231,dolzhanskaya,46.6311,37.8039,47.82,81,100,16.26,RU,1729453170
232,wewak,-3.5534,143.6268,78.51,87,100,5.35,PG,1729453171
233,port lincoln,-34.7333,135.8667,60.62,79,100,10.2,AU,1729453172
234,sheldon,43.1811,-95.8561,80.58,39,0,20.71,US,1729453173
235,dakhla,23.6848,-15.958,69.82,88,100,18.41,EH,1729453175
236,sheridan,44.8333,-106.9173,75.69,27,0,4.0,US,1729453176
237,erbach,49.6561,8.9964,56.84,94,100,3.0,DE,1729453177
238,victorica,-36.2151,-65.4359,80.4,44,100,17.63,AR,1729453178
239,harper,4.375,-7.7169,77.41,84,100,8.14,LR,1729453179
240,glace bay,46.1969,-59.957,64.85,52,75,9.22,CA,1729453182
241,fort st. john,56.2499,-120.8529,24.69,86,100,17.27,CA,1729453183
242,colonia,50.9333,6.95,63.97,74,0,11.5,DE,1729453147
243,lianzhou,24.7811,112.3825,64.92,95,71,3.22,CN,1729453185
244,la paz,-16.5,-68.15,67.98,17,40,12.66,BO,1729452912
245,saudarkrokur,65.7461,-19.6394,36.28,93,100,7.96,IS,1729453187
246,leua,48.2156,18.6071,47.03,60,100,5.84,SK,1729453189
247,kalmunai,7.4167,81.8167,80.51,81,100,5.79,LK,1729453190
248,saldanha,-33.0117,17.9442,59.0,72,0,17.69,ZA,1729453191
249,kitgum,3.2783,32.8867,68.45,91,100,0.78,UG,1729453192
250,tidjikja,18.5564,-11.4271,92.07,17,93,10.4,MR,1729453193
251,santa cruz,-17.8,-63.1667,91.45,43,20,16.11,BO,1729453159
252,holly springs,35.6513,-78.8336,75.15,44,1,3.0,US,1729453195
253,minas de marcona,-15.2119,-75.1103,64.71,62,30,12.1,PE,1729453197
254,changli,39.7042,119.1506,38.82,86,0,5.68,CN,1729453198
255,sibolga,1.7427,98.7792,76.91,81,100,2.95,ID,1729453199
256,luwuk,-0.9516,122.7875,73.15,83,100,3.69,ID,1729453200
257,aripuana,-9.1667,-60.6333,94.26,40,100,4.0,BR,1729453201
258,polyarnyy,69.1989,33.4478,47.97,89,100,14.92,RU,1729453202
259,zapala,-38.8992,-70.0544,60.6,29,7,29.17,AR,1729453204
260,nar'yan-mar,67.6713,53.087,32.92,89,11,4.7,RU,1729453205
261,grand falls-windsor,48.9332,-55.6649,62.51,61,92,1.99,CA,1729453206
262,port elizabeth,-33.918,25.5701,61.32,89,20,10.36,ZA,1729453207
263,le mars,42.7942,-96.1656,80.44,39,0,19.57,US,1729453208
264,bismarck,46.8083,-100.7837,76.86,32,0,6.91,US,1729452981
265,narvik,68.4384,17.4272,47.8,99,100,2.71,NO,1729453210
266,saveh,35.0213,50.3566,66.87,18,0,3.22,IR,1729453212
267,tazovsky,67.4667,78.7,31.87,99,100,5.97,RU,1729453213
268,selfoss,63.9331,-20.9971,41.04,83,99,5.19,IS,1729453214
269,san juan del cesar,10.7711,-73.0031,94.06,44,100,7.52,CO,1729453215
270,makhambet,47.6667,51.5833,47.66,69,100,10.69,KZ,1729453216
271,mikun',62.3547,50.0771,43.18,90,100,3.69,RU,1729453217
272,alotau,-10.3069,150.4462,74.35,94,74,3.74,PG,1729453218
273,gwadar,25.1216,62.3254,80.51,75,0,2.08,PK,1729453220
274,novyy urgal,51.0736,132.5642,30.78,44,100,4.25,RU,1729453221
275,de aar,-30.6497,24.0123,50.61,71,98,25.9,ZA,1729453222
276,sunrise,26.1577,-80.2861,86.02,68,40,17.27,US,1729453096
277,mersing,2.4312,103.8405,78.71,94,20,5.75,MY,1729453224
278,yuzhno-kurilsk,44.0306,145.8556,42.22,71,2,6.2,RU,1729453225
279,patacamaya,-17.2333,-67.9167,66.61,15,0,4.81,BO,1729453226
280,lompoc,34.6391,-120.4579,82.81,14,0,8.05,US,1729453228
281,zuunmod,47.7069,106.9528,20.43,92,100,18.12,MN,1729453229
282,kolonia,50.9333,6.95,63.97,74,0,11.5,DE,1729453230
283,hadibu,12.65,54.0333,79.95,81,40,2.06,YE,1729453231
284,mandalgovi,45.7625,106.2708,21.97,78,98,21.21,MN,1729453232
285,tongren,27.7172,109.1853,54.77,90,100,3.6,CN,1729453173
286,gongchangling,41.1167,123.45,47.28,92,100,4.16,CN,1729453234
287,sukumo,32.9333,132.7333,66.94,94,98,11.01,JP,1729453236
288,laranjeiras,-10.8064,-37.17,82.02,73,10,14.34,BR,1729453237
289,boguchany,58.3814,97.4531,32.22,96,100,10.09,RU,1729453238
290,chernyshkovskiy,48.4219,42.2308,42.96,92,100,7.11,RU,1729453239
291,bikenibeu village,1.3673,173.1241,82.36,78,75,18.41,KI,1729453240
292,tarawa,1.419,172.984,82.49,78,75,18.41,KI,1729453241
293,puerto san jose,13.9256,-90.8244,86.05,73,40,4.61,GT,1729453242
294,azul,-36.777,-59.8585,90.14,17,0,17.92,AR,1729453243
295,pangody,65.85,74.4859,32.54,98,100,9.17,RU,1729453245
296,alpena,45.0617,-83.4327,78.12,49,75,11.5,US,1729453246
297,gadzhiyevo,69.2551,33.3362,48.22,89,100,14.25,RU,1729453247
298,hamilton,39.1834,-84.5333,74.77,39,0,6.91,US,1729453248
299,alofi,-19.0595,-169.9187,80.49,94,75,9.22,NU,1729453249
300,kostel,42.8887,25.995,43.45,62,0,2.84,BG,1729453250
301,laguna,38.421,-121.4238,78.48,25,0,1.99,US,1729453251
302,chinsali,-10.5414,32.0816,78.94,27,91,6.93,ZM,1729453253
303,ust-nera,64.5667,143.2,2.41,92,100,5.35,RU,1729453255
304,evans,33.5337,-82.1307,77.9,35,0,4.61,US,1729453256
305,tralee,52.2704,-9.7026,52.05,93,100,29.93,IE,1729453257
306,inverurie,57.2845,-2.3774,55.31,75,75,32.21,GB,1729453259
307,nema,57.5067,50.5011,42.84,87,100,5.59,RU,1729453260
308,nagahama,35.3833,136.2667,56.66,100,72,4.07,JP,1729453261
309,amos,48.5669,-78.1162,59.25,63,86,11.39,CA,1729453262
310,mangai,-4.05,19.5333,75.38,81,100,1.52,CD,1729453264
311,mahaddayweyne,2.9726,45.5347,77.92,81,93,14.16,SO,1729453265
312,belmonte,-15.8631,-38.8828,76.3,88,99,9.6,BR,1729453267
313,freetown,8.484,-13.2299,79.75,82,100,5.99,SL,1729453268
314,coro,11.4045,-69.6734,85.46,75,75,15.01,VE,1729453269
315,isafjordur,66.0755,-23.124,31.96,97,100,11.21,IS,1729453271
316,kasama,-10.2129,31.1808,78.76,29,88,3.62,ZM,1729453273
317,sao vicente,-23.9631,-46.3919,69.94,35,100,5.01,BR,1729453275
318,al hasakah,36.5024,40.7477,59.67,29,20,10.18,SY,1729453276
319,mantua,45.1667,10.7833,61.99,94,33,3.94,IT,1729453279
320,chibougamau,49.9168,-74.3659,49.62,93,100,8.05,CA,1729453281
321,mukalla,14.5425,49.1242,80.98,72,24,2.44,YE,1729453285
322,sosnovo-ozerskoye,52.5249,111.5418,22.46,65,100,8.14,RU,1729453286
323,gweru,-19.45,29.8167,71.1,29,6,6.58,ZW,1729453290
324,franceville,-1.6333,13.5836,72.7,96,64,2.17,GA,1729453291
325,corfu,39.62,19.9197,68.18,77,40,4.61,GR,1729453292
326,fort bragg,35.139,-79.006,75.04,37,0,5.75,US,1729453293
327,ambodifotatra,-16.9833,49.85,76.26,80,1,9.44,MG,1729453294
328,taguatinga,-12.3857,-46.5711,86.22,53,83,4.92,BR,1729453296
329,kone,-21.0595,164.8658,73.09,76,20,2.98,NC,1729453297
330,trairi,-3.2778,-39.2689,80.06,69,7,13.85,BR,1729453040
331,mulino,56.2892,42.9201,46.36,88,100,4.45,RU,1729453299
332,milove,49.3787,40.1302,42.01,81,100,11.92,UA,1729453300
333,big flats,42.1373,-76.9369,73.54,31,0,9.22,US,1729453303
334,eyl,7.9803,49.8164,79.38,83,100,10.98,SO,1729453304
335,nadym,65.5333,72.5167,32.99,98,100,11.9,RU,1729453305
336,hualien city,23.9769,121.6044,75.33,99,97,5.41,TW,1729453306
337,maridi,4.9158,29.4742,69.71,97,100,1.21,SS,1729453307
338,ciudad de huitzuco,18.3,-99.35,78.87,53,100,1.01,MX,1729453308
339,la ronge,55.1001,-105.2842,48.42,71,75,6.91,CA,1729453310
340,guadalajara,20.6667,-103.3333,78.57,36,0,17.27,MX,1729453087
341,nacala,-14.5428,40.6728,76.15,84,0,6.04,MZ,1729453312
342,bakaly,55.1789,53.8028,39.6,75,80,6.08,RU,1729453313
343,georgetown,5.4112,100.3354,82.33,86,20,2.3,MY,1729453091
344,hami,42.8,93.45,46.49,35,19,17.78,CN,1729453315
345,taoudenni,22.6783,-3.9836,81.97,12,0,12.55,ML,1729453317
346,shagonar,51.5333,92.8,33.37,57,84,1.77,RU,1729453318
347,banda aceh,5.5577,95.3222,79.79,81,92,12.06,ID,1729453319
348,ubari,26.5921,12.7805,76.35,26,98,6.96,LY,1729453320
349,camarinas,43.1311,-9.1817,66.92,91,93,22.35,ES,1729453321
350,kilindoni,-7.9139,39.6668,78.28,82,5,11.34,TZ,1729453322
351,ekibastuz,51.6667,75.3667,44.1,49,100,10.54,KZ,1729453325
352,ketchikan,55.3422,-131.6461,46.38,57,20,8.05,US,1729453185
353,houma,29.5958,-90.7195,81.0,49,0,6.91,US,1729452890
354,yunyang,33.4474,112.7142,46.13,81,100,1.14,CN,1729453328
355,abu al matamir,30.9102,30.1744,66.78,70,0,7.18,EG,1729453329
356,havre,49.5833,0.3333,57.6,94,100,14.97,FR,1729453332
357,ouesso,1.6136,16.0517,72.61,97,100,1.5,CG,1729453333
358,brzozow,49.695,22.0193,44.67,67,100,6.71,PL,1729453334
359,maddela,16.3414,121.6849,74.28,99,100,2.26,PH,1729453335
360,sharkan,57.2989,53.8712,42.8,82,100,5.23,RU,1729453336
361,fuxin,42.0156,121.6589,44.62,74,79,12.95,CN,1729453337
362,swarzedz,52.4129,17.085,52.21,75,0,6.91,PL,1729453338
363,orange,33.7,-117.7675,85.28,26,20,3.44,US,1729453340
364,san fernando de monte cristi,19.8667,-71.65,86.95,68,100,11.63,DO,1729453341
365,st. john's,47.5649,-52.7093,62.15,54,20,14.97,CA,1729453072
366,suva,-18.1416,178.4415,75.49,75,69,5.06,FJ,1729453343
367,drayton valley,53.2168,-114.9854,47.14,64,100,11.14,CA,1729453344
368,cadale,2.7603,46.3222,78.62,89,98,12.71,SO,1729453345
369,brisas de zicatela,15.8369,-97.0419,84.72,79,100,0.0,MX,1729453346
370,rawson,-43.3002,-65.1023,71.89,28,0,12.66,AR,1729453138
371,ixtapa,20.7,-105.2,89.22,62,0,6.91,MX,1729453349
372,york,40.1254,-77.0,75.45,30,0,5.75,US,1729453350
373,cape canaveral,28.4058,-80.6048,84.27,67,20,13.8,US,1729453351
374,caninde,-4.3589,-39.3117,90.55,36,25,11.7,BR,1729453352
375,misratah,32.3754,15.0925,74.62,62,23,9.8,LY,1729453354
376,isangel,-19.55,169.2667,73.38,62,5,5.79,VU,1729453356
377,burang,30.25,81.1667,34.47,80,5,2.55,CN,1729453357
378,kirakira,-10.4544,161.9205,79.07,86,100,8.52,SB,1729453358
379,porangatu,-13.4408,-49.1486,77.81,78,100,2.24,BR,1729453359
380,verkhotur'ye,58.8627,60.8054,38.57,85,42,4.99,RU,1729453360
381,mata-utu,-13.2816,-176.1745,81.12,77,100,5.08,WF,1729453361
382,susuman,62.7833,148.1667,-0.94,99,100,1.25,RU,1729453363
383,matoury,4.8483,-52.3317,87.76,70,0,18.41,GF,1729453364
384,nanao,37.05,136.9667,52.79,81,0,5.17,JP,1729453366
385,piacabucu,-10.4056,-36.4344,78.96,71,12,15.46,BR,1729453367
386,plouay,47.9167,-3.3333,58.57,100,100,8.05,FR,1729453368
387,tucuma,-0.1833,-50.05,87.08,63,60,13.0,BR,1729453370
388,tanout,14.9709,8.8879,90.59,14,0,8.59,NE,1729453371
389,tamandare,-8.7597,-35.1047,78.15,73,6,11.43,BR,1729453373
390,tongging,2.8969,98.5262,60.66,73,95,4.09,ID,1729453374
391,tazacorte,28.629,-17.9293,72.57,80,20,9.22,ES,1729453375
392,hohhot,40.8106,111.6522,39.49,100,40,6.71,CN,1729453376
393,misliyah,17.4599,42.5572,87.48,59,14,3.67,SA,1729453377
394,peace river,56.2501,-117.286,32.31,93,100,10.36,CA,1729453249
395,manismata,-2.4667,111.0333,73.2,97,100,4.88,ID,1729453380
396,badiyah,22.45,58.8,78.4,48,3,2.24,OM,1729453381
397,bubaque,11.2833,-15.8333,82.56,77,97,5.53,GW,1729453382
398,valparaiso,-33.0393,-71.6273,64.04,65,40,11.5,CL,1729453202
399,mogadishu,2.0371,45.3438,78.78,89,100,14.2,SO,1729453384
400,ploneour-lanvern,47.9,-4.2833,59.32,94,100,5.75,FR,1729453385
401,touros,-5.1989,-35.4608,78.48,70,30,13.91,BR,1729453387
402,albemarle,35.3501,-80.2001,75.65,33,0,3.44,US,1729452816
403,pereyaslovskaya,45.8412,39.0238,45.59,67,99,4.05,RU,1729453389
404,akjoujt,19.6969,-14.4164,97.99,14,100,14.43,MR,1729453390
405,mirador,-6.3708,-44.3631,86.81,53,99,3.62,BR,1729453391
406,padang,-0.9492,100.3543,75.25,81,86,3.69,ID,1729453392
407,hasaki,35.7333,140.8333,65.32,49,97,16.8,JP,1729453393
408,chyorny yar,48.0624,46.1091,46.08,83,96,8.79,RU,1729453395
409,rivne,50.6231,26.2274,43.07,59,1,7.34,UA,1729453396
410,broome,42.2506,-75.833,72.09,37,0,5.01,US,1729453397
411,colonel hill,22.7667,-74.2167,81.81,81,97,24.09,BS,1729453398
412,saint-louis,16.3333,-15.0,98.13,20,45,5.73,SN,1729453399
413,ashland,40.8167,-82.2665,73.27,66,0,8.52,US,1729453351
414,aberdeen,57.1437,-2.0981,55.89,75,75,32.21,GB,1729453325
415,auki,-8.7676,160.7034,77.38,89,45,4.27,SB,1729453402
416,lexington,37.9887,-84.4777,73.4,37,0,3.44,US,1729453201
417,oarai,36.3167,140.6,44.94,63,56,9.37,JP,1729453406
418,celestun,20.8667,-90.4,82.29,83,86,15.86,MX,1729453407
419,vila velha,-20.3297,-40.2925,75.15,95,100,11.5,BR,1729453408
420,kyren,51.6828,102.1408,24.19,84,57,1.3,RU,1729453409
421,bolobo,-2.1667,16.2333,78.42,75,52,4.12,CD,1729453411
422,kuraymah,18.55,31.85,84.04,18,1,11.18,SD,1729453412
423,honiara,-9.4333,159.95,78.6,86,98,4.0,SB,1729453413
424,constantia,44.1833,28.65,39.88,55,6,9.53,RO,1729453414
425,cheongsong gun,36.4335,129.057,52.7,85,100,4.12,KR,1729453415
426,sangueya,10.7,-14.3667,77.36,94,94,4.18,GN,1729453416
427,ta`u,-14.2336,-169.5144,80.83,81,25,10.22,AS,1729453418
428,ayaviri,-14.8864,-70.5889,67.14,10,6,3.91,PE,1729453419
429,weno,7.4515,151.8468,83.39,77,100,7.76,FM,1729453420
430,saint john's,47.5649,-52.7093,62.15,54,20,14.97,CA,1729453421
431,madera,37.1666,-119.8343,84.15,14,4,6.64,US,1729453422
432,talcahuano,-36.7167,-73.1167,55.08,94,100,14.97,CL,1729453269
433,solcava,46.4194,14.6936,46.24,71,16,2.19,SI,1729453424
434,ulaangom,49.9811,92.0667,30.7,41,71,3.6,MN,1729453425
435,kununurra,-15.7667,128.7333,80.58,78,20,3.44,AU,1729453405
436,san andres,12.5847,-81.7006,87.82,74,20,6.91,CO,1729453380
437,inirida,3.8653,-67.9239,94.57,46,83,2.17,CO,1729453429
438,toliara,-23.35,43.6667,75.92,78,74,5.95,MG,1729453430
439,visakhapatnam,17.69,83.2093,78.82,87,99,3.94,IN,1729453431
440,dwarka,22.2394,68.9678,83.71,72,0,4.18,IN,1729453432
441,arenapolis,-14.4503,-56.8461,78.13,73,100,5.37,BR,1729453433
442,geneina,13.45,22.45,79.95,26,100,3.36,SD,1729453435
443,sungai penuh,-2.0833,101.3833,63.91,84,6,3.49,ID,1729453436
444,izyaslav,50.1195,26.8213,40.03,58,0,5.77,UA,1729453437
445,kencong,-8.2833,113.3667,75.43,88,15,1.3,ID,1729453438
446,dehloran,32.6941,47.2679,73.27,10,0,8.03,IR,1729453439
447,klaksvik,62.2266,-6.589,48.61,96,81,10.33,FO,1729453440
448,tabou,4.423,-7.3528,77.41,85,100,7.83,CI,1729453443
449,vanino,49.0869,140.2543,31.44,40,100,5.12,RU,1729453444
450,lagoa formosa,-18.7786,-46.4075,73.02,78,100,3.33,BR,1729453445
451,cill airne,52.05,-9.5167,51.85,87,100,32.21,IE,1729453446
452,coyhaique,-45.5752,-72.0662,57.78,65,41,11.3,CL,1729453448
453,collie,-33.3667,116.15,44.19,91,71,3.51,AU,1729453449
454,nova sintra,14.8667,-24.7167,80.37,83,32,13.69,CV,1729453450
455,maksatikha,57.797,35.8825,39.2,76,7,3.4,RU,1729453451
456,beinamar,8.6698,15.3813,74.21,89,100,3.98,TD,1729453452
457,sretensk,52.2453,117.7093,28.89,93,100,13.89,RU,1729453453
458,loukhi,66.0764,33.0381,45.36,78,100,9.17,RU,1729453454
459,ad darb,17.7229,42.2526,88.7,58,23,6.15,SA,1729453456
460,constitucion,-35.3333,-72.4167,58.06,78,100,8.93,CL,1729453258
461,port augusta,-32.5,137.7667,63.57,40,100,4.65,AU,1729453458
462,vom,9.7333,8.7833,70.03,59,79,3.44,NG,1729453459
463,karystos,38.0133,24.4161,63.21,66,37,15.1,GR,1729453460
464,levuka,50.1834,-105.4011,62.31,34,35,5.66,CA,1729453461
465,janeng,-25.4167,25.55,64.94,73,22,14.03,BW,1729453463
466,ha giang,22.8333,104.9833,70.48,94,44,1.88,VN,1729453464
467,kisangani,0.5167,25.2,69.55,98,100,0.49,CD,1729453465
468,thu dau mot,10.9667,106.65,77.11,94,75,3.44,VN,1729453466
469,ust'-kulom,61.6864,53.6902,42.1,77,100,5.17,RU,1729453467
470,kelibia,36.8476,11.0939,66.45,94,40,2.3,TN,1729453468
471,lufilufi,-13.8745,-171.5986,81.25,77,15,7.27,WS,1729453469
472,islamkot,24.6997,70.177,87.01,53,52,9.91,PK,1729453471
473,balikpapan,-1.2675,116.8289,77.99,83,20,3.44,ID,1729453472
474,neufchateau,48.35,5.7,57.61,93,94,7.16,FR,1729453473
475,orastie,45.8333,23.2,45.63,65,0,1.32,RO,1729453474
476,bahua,25.85,80.6333,77.18,53,0,6.11,IN,1729453475
477,adrar,20.5022,-10.0711,90.41,13,5,10.76,MR,1729453476
478,balotra,25.8333,72.2333,88.12,39,83,2.08,IN,1729453477
479,roma,43.2128,-75.4557,70.36,43,0,5.57,US,1729453479
480,kailua-kona,19.6406,-155.9956,83.59,58,40,4.61,US,1729453480
481,cockburn town,21.4612,-71.1419,84.2,78,100,14.41,TC,1729453237
482,yaren,-0.5472,166.916,82.65,75,100,18.23,NR,1729453483
483,ajjampur,13.7281,76.0094,71.01,91,100,1.25,IN,1729453484
484,bac lieu,9.285,105.7244,77.11,90,100,7.9,VN,1729453486
485,argo,37.6333,22.7333,59.52,65,45,7.25,GR,1729453487
486,berezovo,63.9381,65.0419,36.7,76,93,13.76,RU,1729453488
487,vicuna,-30.0319,-70.7081,77.77,35,0,8.3,CL,1729453489
488,sake,-1.5736,29.045,64.81,96,98,1.36,CD,1729453490
489,idri,27.5,13.2667,75.99,35,100,8.21,LY,1729453491
490,kavaratti,10.5669,72.642,80.6,80,54,1.77,IN,1729453492
491,mount pearl,47.5166,-52.7813,61.32,59,20,14.97,CA,1729453494
492,palikir - national government center,6.9248,158.1611,83.62,74,91,13.58,FM,1729453495
493,chipata,-13.6333,32.65,74.41,27,0,5.97,ZM,1729453496
494,lorengau,-2.0226,147.2712,79.54,85,100,7.05,PG,1729453497
495,alamos,27.0167,-108.9333,95.25,19,0,4.94,MX,1729453498
496,muisne,0.6,-80.0333,78.69,77,67,12.71,EC,1729453499
497,minervino murge,41.0843,16.0784,63.95,91,100,5.7,IT,1729453500
498,prince rupert,54.3161,-130.3201,46.09,81,40,10.36,CA,1729453502
499,porto murtinho,-21.6989,-57.8825,96.03,29,0,9.42,BR,1729453503
500,scarborough,54.2797,-0.4044,56.66,73,2,8.99,GB,1729453504
501,murzuq,25.9155,13.9184,78.67,23,67,5.48,LY,1729453505
502,iola,37.9245,-95.4,78.85,25,0,10.36,US,1729453506
503,wenling,28.3669,121.36,65.86,75,84,5.59,CN,1729453507
504,puri,19.8,85.85,78.49,77,100,6.35,IN,1729453509
505,al jawf,29.5,38.75,68.43,24,0,13.22,SA,1729453510
506,kolonia town,6.964,158.206,84.72,74,95,13.78,FM,1729453512
507,aioun,16.6614,-9.6149,95.0,14,2,10.25,MR,1729453513
508,bethanie,-26.4833,17.15,61.56,35,1,11.86,NA,1729453514
509,inari,68.906,27.0288,45.86,93,100,9.84,FI,1729453516
510,khandyga,62.6667,135.6,-5.19,98,70,1.19,RU,1729453517
511,camayenne,9.535,-13.6878,82.49,83,20,6.91,GN,1729453518
512,gundlupet,11.8,76.6833,68.95,93,54,2.59,IN,1729453520
513,mogocha,53.7333,119.7667,21.47,91,100,7.18,RU,1729453521
514,howard springs,-12.497,131.047,78.71,93,45,4.07,AU,1729453524
515,rumphi,-11.0186,33.8575,74.98,49,7,8.14,MW,1729453525
516,mulanje,-16.0316,35.5,72.23,60,0,9.24,MW,1729453526
517,ko lanta,7.5336,99.0865,81.99,76,95,14.34,TH,1729453527
518,tocopilla,-22.092,-70.1979,64.6,74,4,9.64,CL,1729453392
519,shingu,33.7333,135.9833,65.71,75,100,16.64,JP,1729453530
520,chikwawa,-16.0335,34.8009,80.26,36,0,8.1,MW,1729453531
521,lobito,-12.3481,13.5456,76.28,79,90,9.04,AO,1729453532
522,kindu,-2.95,25.95,71.56,98,100,2.66,CD,1729453533
523,corbie,49.9067,2.5068,65.26,88,100,18.41,FR,1729453513
524,maceio,-9.6658,-35.7353,83.64,61,0,17.27,BR,1729453508
525,sirte,31.2089,16.5887,76.01,77,63,13.94,LY,1729453536
526,bonthe,7.5264,-12.505,78.71,84,92,5.1,SL,1729453537
527,takoradi,4.8845,-1.7554,77.47,90,84,8.46,GH,1729453540
528,xuanzhou,30.9525,118.7553,57.81,84,13,1.01,CN,1729453283
529,santa barbara,34.7333,-120.0343,75.76,12,0,6.91,US,1729453269
530,pakxan,18.3778,103.6601,72.86,90,100,4.79,LA,1729453543
531,ghat,24.9647,10.1728,78.73,25,42,1.79,LY,1729453544
